library_number,id,title_en,category_label,priority,trigger_kind,automation_pattern,uses_ai,human_in_the_loop,complexity,ru_smb_fit,existing_70_collision_check
71,sales_crm.lead_capture_from_website_and_messengers,Lead capture from website and messengers,Sales & CRM,P0,manual_or_event,receive → validate → enrich → decide → act → persist → notify,False,False,L,high,required_against_authoritative_manifest
72,sales_crm.lead_identity_resolution_and_deduplication,Lead identity resolution and deduplication,Sales & CRM,P0,manual_or_event,receive → validate → enrich → decide → act → persist → notify,False,False,M,high,required_against_authoritative_manifest
73,sales_crm.lead_enrichment_from_public_sources,Lead enrichment from public sources,Sales & CRM,P0,manual_or_event,receive → validate → enrich → decide → act → persist → notify,False,False,M,high,required_against_authoritative_manifest
74,sales_crm.inbound_lead_qualification,Inbound lead qualification,Sales & CRM,P0,manual_or_event,receive → validate → enrich → decide → act → persist → notify,False,False,S,high,required_against_authoritative_manifest
75,sales_crm.lead_scoring_and_prioritization,Lead scoring and prioritization,Sales & CRM,P0,manual_or_event,receive → validate → enrich → decide → act → persist → notify,False,False,M,high,required_against_authoritative_manifest
76,sales_crm.territory_based_lead_routing,Territory-based lead routing,Sales & CRM,P0,manual_or_event,receive → validate → enrich → decide → act → persist → notify,False,False,L,high,required_against_authoritative_manifest
77,sales_crm.product_based_lead_routing,Product-based lead routing,Sales & CRM,P0,manual_or_event,receive → validate → enrich → decide → act → persist → notify,False,False,S,high,required_against_authoritative_manifest
78,sales_crm.round_robin_lead_assignment,Round-robin lead assignment,Sales & CRM,P0,manual_or_event,receive → validate → enrich → decide → act → persist → notify,False,False,M,high,required_against_authoritative_manifest
79,sales_crm.vip_lead_escalation,VIP lead escalation,Sales & CRM,P1,manual_or_event,receive → validate → enrich → decide → act → persist → notify,False,True,M,high,required_against_authoritative_manifest
80,sales_crm.missed_lead_recovery,Missed lead recovery,Sales & CRM,P1,manual_or_event,receive → validate → enrich → decide → act → persist → notify,False,False,S,high,required_against_authoritative_manifest
81,sales_crm.first_response_sla_monitoring,First-response SLA monitoring,Sales & CRM,P1,schedule,receive → validate → enrich → decide → act → persist → notify,False,False,L,high,required_against_authoritative_manifest
82,sales_crm.personalized_first_response,Personalized first response,Sales & CRM,P1,manual_or_event,receive → validate → enrich → decide → act → persist → notify,False,False,M,high,required_against_authoritative_manifest
83,sales_crm.multi_step_outbound_sequence,Multi-step outbound sequence,Sales & CRM,P1,manual_or_event,receive → validate → enrich → decide → act → persist → notify,False,False,S,high,required_against_authoritative_manifest
84,sales_crm.follow_up_after_no_response,Follow-up after no response,Sales & CRM,P1,manual_or_event,receive → validate → enrich → decide → act → persist → notify,False,False,M,high,required_against_authoritative_manifest
85,sales_crm.meeting_booking_from_qualified_lead,Meeting booking from qualified lead,Sales & CRM,P1,manual_or_event,receive → validate → enrich → decide → act → persist → notify,False,False,M,high,required_against_authoritative_manifest
86,sales_crm.meeting_reminder_and_rescheduling,Meeting reminder and rescheduling,Sales & CRM,P1,manual_or_event,receive → validate → enrich → decide → act → persist → notify,False,False,L,high,required_against_authoritative_manifest
87,sales_crm.post_meeting_summary_and_crm_update,Post-meeting summary and CRM update,Sales & CRM,P1,manual_or_event,receive → validate → enrich → decide → act → persist → notify,True,False,M,high,required_against_authoritative_manifest
88,sales_crm.opportunity_stage_progression,Opportunity stage progression,Sales & CRM,P1,manual_or_event,receive → validate → enrich → decide → act → persist → notify,False,False,M,high,required_against_authoritative_manifest
89,sales_crm.stalled_opportunity_detection,Stalled opportunity detection,Sales & CRM,P2,manual_or_event,receive → validate → enrich → decide → act → persist → notify,False,False,S,high,required_against_authoritative_manifest
90,sales_crm.quote_request_preparation,Quote request preparation,Sales & CRM,P2,event,receive → validate → enrich → decide → act → persist → notify,False,False,M,high,required_against_authoritative_manifest
91,sales_crm.commercial_proposal_generation,Commercial proposal generation,Sales & CRM,P2,manual_or_event,receive → validate → enrich → decide → act → persist → notify,False,False,L,high,required_against_authoritative_manifest
92,sales_crm.commercial_proposal_approval,Commercial proposal approval,Sales & CRM,P2,manual_or_event,receive → validate → enrich → decide → act → persist → notify,False,True,S,high,required_against_authoritative_manifest
93,sales_crm.proposal_delivery_and_tracking,Proposal delivery and tracking,Sales & CRM,P2,schedule,receive → validate → enrich → decide → act → persist → notify,False,False,M,high,required_against_authoritative_manifest
94,sales_crm.contract_handoff_after_win,Contract handoff after win,Sales & CRM,P2,manual_or_event,receive → validate → enrich → decide → act → persist → notify,False,False,M,high,required_against_authoritative_manifest
95,finance_procurement.incoming_invoice_intake,Incoming invoice intake,Finance & Procurement,P0,event,receive → extract → validate → approve → post → reconcile → audit,False,False,L,high,required_against_authoritative_manifest
96,finance_procurement.invoice_ocr_and_field_extraction,Invoice OCR and field extraction,Finance & Procurement,P0,manual_or_event,receive → extract → validate → approve → post → reconcile → audit,True,False,M,high,required_against_authoritative_manifest
97,finance_procurement.invoice_duplicate_detection,Invoice duplicate detection,Finance & Procurement,P0,manual_or_event,receive → extract → validate → approve → post → reconcile → audit,False,False,M,high,required_against_authoritative_manifest
98,finance_procurement.supplier_master_validation,Supplier master validation,Finance & Procurement,P0,manual_or_event,receive → extract → validate → approve → post → reconcile → audit,False,False,S,high,required_against_authoritative_manifest
99,finance_procurement.three_way_invoice_matching,Three-way invoice matching,Finance & Procurement,P0,manual_or_event,receive → extract → validate → approve → post → reconcile → audit,False,False,M,high,required_against_authoritative_manifest
100,finance_procurement.invoice_approval_routing,Invoice approval routing,Finance & Procurement,P0,manual_or_event,receive → extract → validate → approve → post → reconcile → audit,False,True,L,high,required_against_authoritative_manifest
101,finance_procurement.invoice_exception_resolution,Invoice exception resolution,Finance & Procurement,P0,manual_or_event,receive → extract → validate → approve → post → reconcile → audit,False,True,S,high,required_against_authoritative_manifest
102,finance_procurement.approved_invoice_posting,Approved invoice posting,Finance & Procurement,P0,manual_or_event,receive → extract → validate → approve → post → reconcile → audit,False,False,M,high,required_against_authoritative_manifest
103,finance_procurement.payment_calendar_preparation,Payment calendar preparation,Finance & Procurement,P1,manual_or_event,receive → extract → validate → approve → post → reconcile → audit,False,False,M,high,required_against_authoritative_manifest
104,finance_procurement.payment_approval,Payment approval,Finance & Procurement,P1,manual_or_event,receive → extract → validate → approve → post → reconcile → audit,False,True,S,high,required_against_authoritative_manifest
105,finance_procurement.payment_status_reconciliation,Payment status reconciliation,Finance & Procurement,P1,manual_or_event,receive → extract → validate → approve → post → reconcile → audit,False,False,L,high,required_against_authoritative_manifest
106,finance_procurement.overdue_receivables_detection,Overdue receivables detection,Finance & Procurement,P1,manual_or_event,receive → extract → validate → approve → post → reconcile → audit,False,False,M,high,required_against_authoritative_manifest
107,finance_procurement.customer_payment_reminder,Customer payment reminder,Finance & Procurement,P1,manual_or_event,receive → extract → validate → approve → post → reconcile → audit,False,False,S,high,required_against_authoritative_manifest
108,finance_procurement.collections_escalation,Collections escalation,Finance & Procurement,P1,manual_or_event,receive → extract → validate → approve → post → reconcile → audit,False,True,M,high,required_against_authoritative_manifest
109,finance_procurement.bank_statement_reconciliation,Bank statement reconciliation,Finance & Procurement,P1,manual_or_event,receive → extract → validate → approve → post → reconcile → audit,False,False,M,high,required_against_authoritative_manifest
110,finance_procurement.expense_report_intake,Expense report intake,Finance & Procurement,P1,schedule,receive → extract → validate → approve → post → reconcile → audit,False,False,L,high,required_against_authoritative_manifest
111,finance_procurement.expense_policy_validation,Expense policy validation,Finance & Procurement,P1,manual_or_event,receive → extract → validate → approve → post → reconcile → audit,False,False,M,high,required_against_authoritative_manifest
112,finance_procurement.expense_approval_and_reimbursement,Expense approval and reimbursement,Finance & Procurement,P1,manual_or_event,receive → extract → validate → approve → post → reconcile → audit,False,True,M,high,required_against_authoritative_manifest
113,finance_procurement.budget_request_intake,Budget request intake,Finance & Procurement,P2,event,receive → extract → validate → approve → post → reconcile → audit,False,False,S,high,required_against_authoritative_manifest
114,finance_procurement.budget_variance_monitoring,Budget variance monitoring,Finance & Procurement,P2,schedule,receive → extract → validate → approve → post → reconcile → audit,False,False,M,high,required_against_authoritative_manifest
115,finance_procurement.cash_flow_forecast_refresh,Cash-flow forecast refresh,Finance & Procurement,P2,schedule,receive → extract → validate → approve → post → reconcile → audit,False,False,L,high,required_against_authoritative_manifest
116,finance_procurement.purchase_requisition_intake,Purchase requisition intake,Finance & Procurement,P2,event,receive → extract → validate → approve → post → reconcile → audit,False,False,S,high,required_against_authoritative_manifest
117,finance_procurement.purchase_requisition_approval,Purchase requisition approval,Finance & Procurement,P2,manual_or_event,receive → extract → validate → approve → post → reconcile → audit,False,True,M,high,required_against_authoritative_manifest
118,finance_procurement.supplier_discovery,Supplier discovery,Finance & Procurement,P2,manual_or_event,receive → extract → validate → approve → post → reconcile → audit,False,False,M,high,required_against_authoritative_manifest
119,support_cx.omnichannel_ticket_intake,Omnichannel ticket intake,Support & CX,P0,event,receive → classify → prioritize → resolve → escalate → confirm → learn,False,False,L,high,required_against_authoritative_manifest
120,support_cx.customer_identity_and_context_enrichment,Customer identity and context enrichment,Support & CX,P0,manual_or_event,receive → classify → prioritize → resolve → escalate → confirm → learn,False,False,M,high,required_against_authoritative_manifest
121,support_cx.ticket_deduplication,Ticket deduplication,Support & CX,P0,manual_or_event,receive → classify → prioritize → resolve → escalate → confirm → learn,False,False,M,high,required_against_authoritative_manifest
122,support_cx.ticket_classification,Ticket classification,Support & CX,P0,manual_or_event,receive → classify → prioritize → resolve → escalate → confirm → learn,True,False,S,high,required_against_authoritative_manifest
123,support_cx.sentiment_and_urgency_detection,Sentiment and urgency detection,Support & CX,P0,manual_or_event,receive → classify → prioritize → resolve → escalate → confirm → learn,False,False,M,high,required_against_authoritative_manifest
124,support_cx.automatic_knowledge_base_answer,Automatic knowledge-base answer,Support & CX,P0,manual_or_event,receive → classify → prioritize → resolve → escalate → confirm → learn,False,False,L,high,required_against_authoritative_manifest
125,support_cx.rag_answer_confidence_check,RAG answer confidence check,Support & CX,P0,manual_or_event,receive → classify → prioritize → resolve → escalate → confirm → learn,False,False,S,high,required_against_authoritative_manifest
126,support_cx.human_fallback_for_uncertain_answer,Human fallback for uncertain answer,Support & CX,P0,manual_or_event,receive → classify → prioritize → resolve → escalate → confirm → learn,False,False,M,high,required_against_authoritative_manifest
127,support_cx.skill_based_ticket_routing,Skill-based ticket routing,Support & CX,P1,manual_or_event,receive → classify → prioritize → resolve → escalate → confirm → learn,False,False,M,high,required_against_authoritative_manifest
128,support_cx.priority_customer_routing,Priority customer routing,Support & CX,P1,manual_or_event,receive → classify → prioritize → resolve → escalate → confirm → learn,False,False,S,high,required_against_authoritative_manifest
129,support_cx.support_sla_monitoring,Support SLA monitoring,Support & CX,P1,schedule,receive → classify → prioritize → resolve → escalate → confirm → learn,False,False,L,high,required_against_authoritative_manifest
130,support_cx.sla_breach_escalation,SLA breach escalation,Support & CX,P1,manual_or_event,receive → classify → prioritize → resolve → escalate → confirm → learn,False,True,M,high,required_against_authoritative_manifest
131,support_cx.incident_swarm_activation,Incident swarm activation,Support & CX,P1,manual_or_event,receive → classify → prioritize → resolve → escalate → confirm → learn,False,False,S,high,required_against_authoritative_manifest
132,support_cx.customer_status_notification,Customer status notification,Support & CX,P1,manual_or_event,receive → classify → prioritize → resolve → escalate → confirm → learn,False,False,M,high,required_against_authoritative_manifest
133,support_cx.resolution_approval_for_sensitive_cases,Resolution approval for sensitive cases,Support & CX,P1,manual_or_event,receive → classify → prioritize → resolve → escalate → confirm → learn,False,True,M,high,required_against_authoritative_manifest
134,support_cx.ticket_closure_validation,Ticket closure validation,Support & CX,P1,manual_or_event,receive → classify → prioritize → resolve → escalate → confirm → learn,False,False,L,high,required_against_authoritative_manifest
135,support_cx.customer_satisfaction_survey,Customer satisfaction survey,Support & CX,P1,manual_or_event,receive → classify → prioritize → resolve → escalate → confirm → learn,False,False,M,high,required_against_authoritative_manifest
136,support_cx.negative_feedback_recovery,Negative feedback recovery,Support & CX,P1,manual_or_event,receive → classify → prioritize → resolve → escalate → confirm → learn,False,False,M,high,required_against_authoritative_manifest
137,support_cx.complaint_registration,Complaint registration,Support & CX,P2,manual_or_event,receive → classify → prioritize → resolve → escalate → confirm → learn,False,False,S,high,required_against_authoritative_manifest
138,support_cx.complaint_investigation_coordination,Complaint investigation coordination,Support & CX,P2,manual_or_event,receive → classify → prioritize → resolve → escalate → confirm → learn,False,False,M,high,required_against_authoritative_manifest
139,support_cx.refund_request_triage,Refund request triage,Support & CX,P2,event,receive → classify → prioritize → resolve → escalate → confirm → learn,False,False,L,high,required_against_authoritative_manifest
140,hr_people.candidate_application_intake,Candidate application intake,HR & People,P0,event,request → validate → approve → provision → verify → record → notify,False,False,L,high,required_against_authoritative_manifest
141,hr_people.resume_parsing_and_normalization,Resume parsing and normalization,HR & People,P0,manual_or_event,request → validate → approve → provision → verify → record → notify,False,False,M,high,required_against_authoritative_manifest
142,hr_people.candidate_duplicate_detection,Candidate duplicate detection,HR & People,P0,manual_or_event,request → validate → approve → provision → verify → record → notify,False,False,M,high,required_against_authoritative_manifest
143,hr_people.candidate_screening,Candidate screening,HR & People,P0,manual_or_event,request → validate → approve → provision → verify → record → notify,False,False,S,high,required_against_authoritative_manifest
144,hr_people.interview_scheduling,Interview scheduling,HR & People,P0,manual_or_event,request → validate → approve → provision → verify → record → notify,False,False,M,high,required_against_authoritative_manifest
145,hr_people.interview_reminder,Interview reminder,HR & People,P0,manual_or_event,request → validate → approve → provision → verify → record → notify,False,False,L,high,required_against_authoritative_manifest
146,hr_people.interview_transcription_and_summary,Interview transcription and summary,HR & People,P0,manual_or_event,request → validate → approve → provision → verify → record → notify,True,False,S,high,required_against_authoritative_manifest
147,hr_people.candidate_scorecard_consolidation,Candidate scorecard consolidation,HR & People,P0,manual_or_event,request → validate → approve → provision → verify → record → notify,True,False,M,high,required_against_authoritative_manifest
148,hr_people.offer_preparation,Offer preparation,HR & People,P1,manual_or_event,request → validate → approve → provision → verify → record → notify,False,False,M,high,required_against_authoritative_manifest
149,hr_people.offer_approval,Offer approval,HR & People,P1,manual_or_event,request → validate → approve → provision → verify → record → notify,False,True,S,high,required_against_authoritative_manifest
150,hr_people.offer_delivery_and_acceptance,Offer delivery and acceptance,HR & People,P1,manual_or_event,request → validate → approve → provision → verify → record → notify,False,False,L,high,required_against_authoritative_manifest
151,hr_people.preboarding_document_collection,Preboarding document collection,HR & People,P1,manual_or_event,request → validate → approve → provision → verify → record → notify,False,False,M,high,required_against_authoritative_manifest
152,hr_people.employee_onboarding_plan,Employee onboarding plan,HR & People,P1,manual_or_event,request → validate → approve → provision → verify → record → notify,False,False,S,high,required_against_authoritative_manifest
153,hr_people.account_and_access_provisioning,Account and access provisioning,HR & People,P1,manual_or_event,request → validate → approve → provision → verify → record → notify,False,False,M,high,required_against_authoritative_manifest
154,hr_people.mandatory_training_assignment,Mandatory training assignment,HR & People,P1,manual_or_event,request → validate → approve → provision → verify → record → notify,False,False,M,high,required_against_authoritative_manifest
155,hr_people.probation_milestone_tracking,Probation milestone tracking,HR & People,P1,schedule,request → validate → approve → provision → verify → record → notify,False,False,L,high,required_against_authoritative_manifest
156,hr_people.employee_pulse_survey,Employee pulse survey,HR & People,P1,manual_or_event,request → validate → approve → provision → verify → record → notify,False,False,M,high,required_against_authoritative_manifest
157,hr_people.leave_request_processing,Leave request processing,HR & People,P1,event,request → validate → approve → provision → verify → record → notify,False,False,M,high,required_against_authoritative_manifest
158,hr_people.business_trip_request_processing,Business trip request processing,HR & People,P2,event,request → validate → approve → provision → verify → record → notify,False,False,S,high,required_against_authoritative_manifest
159,hr_people.employee_document_request,Employee document request,HR & People,P2,event,request → validate → approve → provision → verify → record → notify,False,False,M,high,required_against_authoritative_manifest
160,marketing_content.campaign_brief_intake,Campaign brief intake,Marketing & Content,P0,event,brief → research → generate → review → approve → publish → measure,False,False,L,high,required_against_authoritative_manifest
161,marketing_content.audience_research,Audience research,Marketing & Content,P0,manual_or_event,brief → research → generate → review → approve → publish → measure,True,False,M,high,required_against_authoritative_manifest
162,marketing_content.competitor_content_monitoring,Competitor content monitoring,Marketing & Content,P0,schedule,brief → research → generate → review → approve → publish → measure,False,False,M,high,required_against_authoritative_manifest
163,marketing_content.keyword_cluster_research,Keyword cluster research,Marketing & Content,P0,manual_or_event,brief → research → generate → review → approve → publish → measure,True,False,S,high,required_against_authoritative_manifest
164,marketing_content.editorial_calendar_planning,Editorial calendar planning,Marketing & Content,P0,manual_or_event,brief → research → generate → review → approve → publish → measure,False,False,M,high,required_against_authoritative_manifest
165,marketing_content.content_idea_backlog,Content idea backlog,Marketing & Content,P0,manual_or_event,brief → research → generate → review → approve → publish → measure,False,False,L,high,required_against_authoritative_manifest
166,marketing_content.long_form_article_drafting,Long-form article drafting,Marketing & Content,P0,manual_or_event,brief → research → generate → review → approve → publish → measure,True,False,S,high,required_against_authoritative_manifest
167,marketing_content.seo_content_optimization,SEO content optimization,Marketing & Content,P0,manual_or_event,brief → research → generate → review → approve → publish → measure,False,False,M,high,required_against_authoritative_manifest
168,marketing_content.brand_compliance_review,Brand compliance review,Marketing & Content,P1,manual_or_event,brief → research → generate → review → approve → publish → measure,False,True,M,high,required_against_authoritative_manifest
169,marketing_content.legal_review_of_campaign_content,Legal review of campaign content,Marketing & Content,P1,manual_or_event,brief → research → generate → review → approve → publish → measure,False,True,S,high,required_against_authoritative_manifest
170,marketing_content.human_approval_before_publication,Human approval before publication,Marketing & Content,P1,manual_or_event,brief → research → generate → review → approve → publish → measure,False,True,L,high,required_against_authoritative_manifest
171,marketing_content.multi_channel_content_adaptation,Multi-channel content adaptation,Marketing & Content,P1,manual_or_event,brief → research → generate → review → approve → publish → measure,False,False,M,high,required_against_authoritative_manifest
172,marketing_content.social_post_scheduling,Social post scheduling,Marketing & Content,P1,manual_or_event,brief → research → generate → review → approve → publish → measure,False,False,S,high,required_against_authoritative_manifest
173,marketing_content.image_creative_generation,Image creative generation,Marketing & Content,P1,manual_or_event,brief → research → generate → review → approve → publish → measure,False,False,M,high,required_against_authoritative_manifest
174,marketing_content.video_script_generation,Video script generation,Marketing & Content,P1,manual_or_event,brief → research → generate → review → approve → publish → measure,False,False,M,high,required_against_authoritative_manifest
175,marketing_content.email_newsletter_assembly,Email newsletter assembly,Marketing & Content,P1,manual_or_event,brief → research → generate → review → approve → publish → measure,False,False,L,high,required_against_authoritative_manifest
176,marketing_content.email_subject_line_testing,Email subject-line testing,Marketing & Content,P1,manual_or_event,brief → research → generate → review → approve → publish → measure,False,False,M,high,required_against_authoritative_manifest
177,marketing_content.campaign_launch_checklist,Campaign launch checklist,Marketing & Content,P1,manual_or_event,brief → research → generate → review → approve → publish → measure,False,False,M,high,required_against_authoritative_manifest
178,marketing_content.utm_governance,UTM governance,Marketing & Content,P2,manual_or_event,brief → research → generate → review → approve → publish → measure,False,False,S,high,required_against_authoritative_manifest
179,marketing_content.paid_ad_anomaly_monitoring,Paid ad anomaly monitoring,Marketing & Content,P2,schedule,brief → research → generate → review → approve → publish → measure,False,False,M,high,required_against_authoritative_manifest
180,ecommerce_inventory.order_intake_and_validation,Order intake and validation,E-commerce & Inventory,P0,event,event → validate → reserve → fulfill → notify → reconcile → analyze,False,False,L,high,required_against_authoritative_manifest
181,ecommerce_inventory.payment_confirmation_handling,Payment confirmation handling,E-commerce & Inventory,P0,manual_or_event,event → validate → reserve → fulfill → notify → reconcile → analyze,False,False,M,high,required_against_authoritative_manifest
182,ecommerce_inventory.fraud_risk_review_handoff,Fraud-risk review handoff,E-commerce & Inventory,P0,manual_or_event,event → validate → reserve → fulfill → notify → reconcile → analyze,True,True,M,high,required_against_authoritative_manifest
183,ecommerce_inventory.inventory_availability_check,Inventory availability check,E-commerce & Inventory,P0,manual_or_event,event → validate → reserve → fulfill → notify → reconcile → analyze,False,False,S,high,required_against_authoritative_manifest
184,ecommerce_inventory.order_allocation_across_warehouses,Order allocation across warehouses,E-commerce & Inventory,P0,event,event → validate → reserve → fulfill → notify → reconcile → analyze,False,False,M,high,required_against_authoritative_manifest
185,ecommerce_inventory.backorder_management,Backorder management,E-commerce & Inventory,P0,event,event → validate → reserve → fulfill → notify → reconcile → analyze,False,False,L,high,required_against_authoritative_manifest
186,ecommerce_inventory.picking_task_creation,Picking task creation,E-commerce & Inventory,P0,manual_or_event,event → validate → reserve → fulfill → notify → reconcile → analyze,False,False,S,high,required_against_authoritative_manifest
187,ecommerce_inventory.packing_completion_update,Packing completion update,E-commerce & Inventory,P0,manual_or_event,event → validate → reserve → fulfill → notify → reconcile → analyze,False,False,M,high,required_against_authoritative_manifest
188,ecommerce_inventory.shipment_label_creation,Shipment label creation,E-commerce & Inventory,P1,manual_or_event,event → validate → reserve → fulfill → notify → reconcile → analyze,False,False,M,high,required_against_authoritative_manifest
189,ecommerce_inventory.shipment_tracking_notification,Shipment tracking notification,E-commerce & Inventory,P1,schedule,event → validate → reserve → fulfill → notify → reconcile → analyze,False,False,S,high,required_against_authoritative_manifest
190,ecommerce_inventory.delivery_exception_escalation,Delivery exception escalation,E-commerce & Inventory,P1,manual_or_event,event → validate → reserve → fulfill → notify → reconcile → analyze,False,True,L,high,required_against_authoritative_manifest
191,ecommerce_inventory.order_cancellation_processing,Order cancellation processing,E-commerce & Inventory,P1,event,event → validate → reserve → fulfill → notify → reconcile → analyze,False,False,M,high,required_against_authoritative_manifest
192,ecommerce_inventory.return_request_intake,Return request intake,E-commerce & Inventory,P1,event,event → validate → reserve → fulfill → notify → reconcile → analyze,False,False,S,high,required_against_authoritative_manifest
193,ecommerce_inventory.return_eligibility_validation,Return eligibility validation,E-commerce & Inventory,P1,manual_or_event,event → validate → reserve → fulfill → notify → reconcile → analyze,False,False,M,high,required_against_authoritative_manifest
194,ecommerce_inventory.return_logistics_coordination,Return logistics coordination,E-commerce & Inventory,P1,manual_or_event,event → validate → reserve → fulfill → notify → reconcile → analyze,False,False,M,high,required_against_authoritative_manifest
195,ecommerce_inventory.refund_after_return_validation,Refund after return validation,E-commerce & Inventory,P1,manual_or_event,event → validate → reserve → fulfill → notify → reconcile → analyze,False,False,L,high,required_against_authoritative_manifest
196,ecommerce_inventory.abandoned_cart_recovery,Abandoned cart recovery,E-commerce & Inventory,P1,manual_or_event,event → validate → reserve → fulfill → notify → reconcile → analyze,False,False,M,high,required_against_authoritative_manifest
197,ecommerce_inventory.low_stock_alert,Low-stock alert,E-commerce & Inventory,P1,event,event → validate → reserve → fulfill → notify → reconcile → analyze,False,False,M,high,required_against_authoritative_manifest
198,ecommerce_inventory.reorder_point_monitoring,Reorder point monitoring,E-commerce & Inventory,P2,schedule,event → validate → reserve → fulfill → notify → reconcile → analyze,False,False,S,high,required_against_authoritative_manifest
199,ecommerce_inventory.purchase_replenishment_proposal,Purchase replenishment proposal,E-commerce & Inventory,P2,manual_or_event,event → validate → reserve → fulfill → notify → reconcile → analyze,False,False,M,high,required_against_authoritative_manifest
200,operations_documents.incoming_document_registration,Incoming document registration,Operations & Documents,P0,manual_or_event,receive → classify → review → approve → sign → store → retain,False,False,L,high,required_against_authoritative_manifest
201,operations_documents.document_classification,Document classification,Operations & Documents,P0,manual_or_event,receive → classify → review → approve → sign → store → retain,True,False,M,high,required_against_authoritative_manifest
202,operations_documents.document_metadata_extraction,Document metadata extraction,Operations & Documents,P0,manual_or_event,receive → classify → review → approve → sign → store → retain,True,False,M,high,required_against_authoritative_manifest
203,operations_documents.document_version_control,Document version control,Operations & Documents,P0,manual_or_event,receive → classify → review → approve → sign → store → retain,False,False,S,high,required_against_authoritative_manifest
204,operations_documents.document_review_routing,Document review routing,Operations & Documents,P0,manual_or_event,receive → classify → review → approve → sign → store → retain,False,True,M,high,required_against_authoritative_manifest
205,operations_documents.multi_level_document_approval,Multi-level document approval,Operations & Documents,P0,manual_or_event,receive → classify → review → approve → sign → store → retain,False,True,L,high,required_against_authoritative_manifest
206,operations_documents.electronic_signature_coordination,Electronic signature coordination,Operations & Documents,P0,manual_or_event,receive → classify → review → approve → sign → store → retain,False,True,S,high,required_against_authoritative_manifest
207,operations_documents.document_publication,Document publication,Operations & Documents,P0,manual_or_event,receive → classify → review → approve → sign → store → retain,False,False,M,high,required_against_authoritative_manifest
208,operations_documents.document_retention_scheduling,Document retention scheduling,Operations & Documents,P1,manual_or_event,receive → classify → review → approve → sign → store → retain,False,False,M,high,required_against_authoritative_manifest
209,operations_documents.document_archival,Document archival,Operations & Documents,P1,manual_or_event,receive → classify → review → approve → sign → store → retain,False,False,S,high,required_against_authoritative_manifest
210,operations_documents.contract_request_intake,Contract request intake,Operations & Documents,P1,event,receive → classify → review → approve → sign → store → retain,False,False,L,high,required_against_authoritative_manifest
211,operations_documents.contract_template_selection,Contract template selection,Operations & Documents,P1,manual_or_event,receive → classify → review → approve → sign → store → retain,False,False,M,high,required_against_authoritative_manifest
212,operations_documents.contract_clause_extraction,Contract clause extraction,Operations & Documents,P1,manual_or_event,receive → classify → review → approve → sign → store → retain,True,False,S,high,required_against_authoritative_manifest
213,operations_documents.contract_risk_review,Contract risk review,Operations & Documents,P1,manual_or_event,receive → classify → review → approve → sign → store → retain,True,True,M,high,required_against_authoritative_manifest
214,operations_documents.contract_negotiation_task_tracking,Contract negotiation task tracking,Operations & Documents,P1,schedule,receive → classify → review → approve → sign → store → retain,False,False,M,high,required_against_authoritative_manifest
215,operations_documents.contract_approval,Contract approval,Operations & Documents,P1,manual_or_event,receive → classify → review → approve → sign → store → retain,False,True,L,high,required_against_authoritative_manifest
216,operations_documents.contract_signature_and_storage,Contract signature and storage,Operations & Documents,P1,manual_or_event,receive → classify → review → approve → sign → store → retain,False,True,M,high,required_against_authoritative_manifest
217,operations_documents.contract_obligation_monitoring,Contract obligation monitoring,Operations & Documents,P1,schedule,receive → classify → review → approve → sign → store → retain,False,False,M,high,required_against_authoritative_manifest
218,operations_documents.contract_renewal_notice,Contract renewal notice,Operations & Documents,P2,schedule,receive → classify → review → approve → sign → store → retain,False,False,S,high,required_against_authoritative_manifest
219,operations_documents.meeting_agenda_preparation,Meeting agenda preparation,Operations & Documents,P2,manual_or_event,receive → classify → review → approve → sign → store → retain,False,False,M,high,required_against_authoritative_manifest
220,it_devops_security.it_service_request_intake,IT service request intake,"IT, DevOps & Security",P0,event,detect/request → enrich → assess → approve → execute → verify → audit,False,False,L,high,required_against_authoritative_manifest
221,it_devops_security.access_request_approval,Access request approval,"IT, DevOps & Security",P0,event,detect/request → enrich → assess → approve → execute → verify → audit,False,True,M,high,required_against_authoritative_manifest
222,it_devops_security.privileged_access_approval,Privileged access approval,"IT, DevOps & Security",P0,manual_or_event,detect/request → enrich → assess → approve → execute → verify → audit,False,True,M,high,required_against_authoritative_manifest
223,it_devops_security.user_account_provisioning,User account provisioning,"IT, DevOps & Security",P0,manual_or_event,detect/request → enrich → assess → approve → execute → verify → audit,False,False,S,high,required_against_authoritative_manifest
224,it_devops_security.user_access_recertification,User access recertification,"IT, DevOps & Security",P0,manual_or_event,detect/request → enrich → assess → approve → execute → verify → audit,False,False,M,high,required_against_authoritative_manifest
225,it_devops_security.password_reset_orchestration,Password reset orchestration,"IT, DevOps & Security",P0,manual_or_event,detect/request → enrich → assess → approve → execute → verify → audit,False,False,L,high,required_against_authoritative_manifest
226,it_devops_security.software_license_request,Software license request,"IT, DevOps & Security",P0,event,detect/request → enrich → assess → approve → execute → verify → audit,False,False,S,high,required_against_authoritative_manifest
227,it_devops_security.device_provisioning,Device provisioning,"IT, DevOps & Security",P0,manual_or_event,detect/request → enrich → assess → approve → execute → verify → audit,False,False,M,high,required_against_authoritative_manifest
228,it_devops_security.device_return_tracking,Device return tracking,"IT, DevOps & Security",P1,schedule,detect/request → enrich → assess → approve → execute → verify → audit,False,False,M,high,required_against_authoritative_manifest
229,it_devops_security.security_alert_enrichment,Security alert enrichment,"IT, DevOps & Security",P1,event,detect/request → enrich → assess → approve → execute → verify → audit,False,False,S,high,required_against_authoritative_manifest
230,it_devops_security.phishing_report_triage,Phishing report triage,"IT, DevOps & Security",P1,schedule,detect/request → enrich → assess → approve → execute → verify → audit,False,False,L,high,required_against_authoritative_manifest
231,it_devops_security.vulnerability_intake_and_prioritization,Vulnerability intake and prioritization,"IT, DevOps & Security",P1,event,detect/request → enrich → assess → approve → execute → verify → audit,False,False,M,high,required_against_authoritative_manifest
232,it_devops_security.patch_deployment_approval,Patch deployment approval,"IT, DevOps & Security",P1,manual_or_event,detect/request → enrich → assess → approve → execute → verify → audit,False,True,S,high,required_against_authoritative_manifest
233,it_devops_security.backup_job_monitoring,Backup job monitoring,"IT, DevOps & Security",P1,schedule,detect/request → enrich → assess → approve → execute → verify → audit,False,False,M,high,required_against_authoritative_manifest
234,it_devops_security.backup_restore_test_coordination,Backup restore test coordination,"IT, DevOps & Security",P1,manual_or_event,detect/request → enrich → assess → approve → execute → verify → audit,False,False,M,high,required_against_authoritative_manifest
235,it_devops_security.service_health_monitoring,Service health monitoring,"IT, DevOps & Security",P1,schedule,detect/request → enrich → assess → approve → execute → verify → audit,False,False,L,high,required_against_authoritative_manifest
236,it_devops_security.incident_detection_and_paging,Incident detection and paging,"IT, DevOps & Security",P1,manual_or_event,detect/request → enrich → assess → approve → execute → verify → audit,False,False,M,high,required_against_authoritative_manifest
237,it_devops_security.incident_severity_classification,Incident severity classification,"IT, DevOps & Security",P1,manual_or_event,detect/request → enrich → assess → approve → execute → verify → audit,True,False,M,high,required_against_authoritative_manifest
238,it_devops_security.incident_response_coordination,Incident response coordination,"IT, DevOps & Security",P2,manual_or_event,detect/request → enrich → assess → approve → execute → verify → audit,False,False,S,high,required_against_authoritative_manifest
239,it_devops_security.post_incident_review,Post-incident review,"IT, DevOps & Security",P2,manual_or_event,detect/request → enrich → assess → approve → execute → verify → audit,False,True,M,high,required_against_authoritative_manifest
240,it_devops_security.change_request_intake,Change request intake,"IT, DevOps & Security",P2,event,detect/request → enrich → assess → approve → execute → verify → audit,False,False,L,high,required_against_authoritative_manifest
241,it_devops_security.change_risk_assessment,Change risk assessment,"IT, DevOps & Security",P2,manual_or_event,detect/request → enrich → assess → approve → execute → verify → audit,True,False,S,high,required_against_authoritative_manifest
242,analytics_compliance.data_request_intake,Data request intake,"Analytics, Risk & Compliance",P0,event,collect → validate → analyze → decide → report → remediate → evidence,False,False,L,high,required_against_authoritative_manifest
243,analytics_compliance.data_quality_anomaly_detection,Data quality anomaly detection,"Analytics, Risk & Compliance",P0,manual_or_event,collect → validate → analyze → decide → report → remediate → evidence,True,False,M,high,required_against_authoritative_manifest
244,analytics_compliance.data_source_freshness_monitoring,Data source freshness monitoring,"Analytics, Risk & Compliance",P0,schedule,collect → validate → analyze → decide → report → remediate → evidence,False,False,M,high,required_against_authoritative_manifest
245,analytics_compliance.kpi_calculation_and_publication,KPI calculation and publication,"Analytics, Risk & Compliance",P0,manual_or_event,collect → validate → analyze → decide → report → remediate → evidence,False,False,S,high,required_against_authoritative_manifest
246,analytics_compliance.executive_dashboard_refresh,Executive dashboard refresh,"Analytics, Risk & Compliance",P0,manual_or_event,collect → validate → analyze → decide → report → remediate → evidence,False,False,M,high,required_against_authoritative_manifest
247,analytics_compliance.scheduled_management_reporting,Scheduled management reporting,"Analytics, Risk & Compliance",P0,schedule,collect → validate → analyze → decide → report → remediate → evidence,False,False,L,high,required_against_authoritative_manifest
248,analytics_compliance.ad_hoc_report_generation,Ad-hoc report generation,"Analytics, Risk & Compliance",P0,schedule,collect → validate → analyze → decide → report → remediate → evidence,False,False,S,high,required_against_authoritative_manifest
249,analytics_compliance.forecast_refresh_and_review,Forecast refresh and review,"Analytics, Risk & Compliance",P0,schedule,collect → validate → analyze → decide → report → remediate → evidence,False,True,M,high,required_against_authoritative_manifest
250,analytics_compliance.customer_churn_risk_detection,Customer churn risk detection,"Analytics, Risk & Compliance",P1,manual_or_event,collect → validate → analyze → decide → report → remediate → evidence,True,False,M,high,required_against_authoritative_manifest
251,analytics_compliance.demand_anomaly_detection,Demand anomaly detection,"Analytics, Risk & Compliance",P1,manual_or_event,collect → validate → analyze → decide → report → remediate → evidence,False,False,S,high,required_against_authoritative_manifest
252,analytics_compliance.regulatory_update_monitoring,Regulatory update monitoring,"Analytics, Risk & Compliance",P1,schedule,collect → validate → analyze → decide → report → remediate → evidence,False,False,L,high,required_against_authoritative_manifest
253,analytics_compliance.policy_impact_assessment,Policy impact assessment,"Analytics, Risk & Compliance",P1,manual_or_event,collect → validate → analyze → decide → report → remediate → evidence,False,False,M,high,required_against_authoritative_manifest
254,analytics_compliance.compliance_evidence_collection,Compliance evidence collection,"Analytics, Risk & Compliance",P1,manual_or_event,collect → validate → analyze → decide → report → remediate → evidence,False,False,S,high,required_against_authoritative_manifest
255,analytics_compliance.control_execution_monitoring,Control execution monitoring,"Analytics, Risk & Compliance",P1,schedule,collect → validate → analyze → decide → report → remediate → evidence,False,False,M,high,required_against_authoritative_manifest
256,analytics_compliance.audit_request_coordination,Audit request coordination,"Analytics, Risk & Compliance",P1,event,collect → validate → analyze → decide → report → remediate → evidence,False,False,M,high,required_against_authoritative_manifest
257,analytics_compliance.audit_finding_remediation,Audit finding remediation,"Analytics, Risk & Compliance",P1,manual_or_event,collect → validate → analyze → decide → report → remediate → evidence,False,False,L,high,required_against_authoritative_manifest
258,analytics_compliance.risk_register_update,Risk register update,"Analytics, Risk & Compliance",P1,manual_or_event,collect → validate → analyze → decide → report → remediate → evidence,True,False,M,high,required_against_authoritative_manifest
259,analytics_compliance.third_party_due_diligence,Third-party due diligence,"Analytics, Risk & Compliance",P1,manual_or_event,collect → validate → analyze → decide → report → remediate → evidence,False,False,M,high,required_against_authoritative_manifest
260,analytics_compliance.vendor_risk_reassessment,Vendor risk reassessment,"Analytics, Risk & Compliance",P2,schedule,collect → validate → analyze → decide → report → remediate → evidence,True,False,S,medium,required_against_authoritative_manifest
261,analytics_compliance.consent_capture_and_verification,Consent capture and verification,"Analytics, Risk & Compliance",P2,manual_or_event,collect → validate → analyze → decide → report → remediate → evidence,False,False,M,medium,required_against_authoritative_manifest
262,analytics_compliance.data_subject_request_intake,Data subject request intake,"Analytics, Risk & Compliance",P2,event,collect → validate → analyze → decide → report → remediate → evidence,False,False,L,medium,required_against_authoritative_manifest
263,autonomous_agents.autonomous_company_research_agent,Autonomous company research agent,Autonomous Agents,P0,manual_or_event,goal → plan → delegate/tool-use → observe → evaluate → approve/escalate → deliver,True,True,L,high,required_against_authoritative_manifest
264,autonomous_agents.deep_research_and_cited_report_agent,Deep research and cited report agent,Autonomous Agents,P0,schedule,goal → plan → delegate/tool-use → observe → evaluate → approve/escalate → deliver,True,True,L,high,required_against_authoritative_manifest
265,autonomous_agents.market_monitoring_agent,Market monitoring agent,Autonomous Agents,P0,schedule,goal → plan → delegate/tool-use → observe → evaluate → approve/escalate → deliver,True,True,L,high,required_against_authoritative_manifest
266,autonomous_agents.competitive_intelligence_agent,Competitive intelligence agent,Autonomous Agents,P0,manual_or_event,goal → plan → delegate/tool-use → observe → evaluate → approve/escalate → deliver,True,True,L,high,required_against_authoritative_manifest
267,autonomous_agents.lead_research_and_enrichment_agent,Lead research and enrichment agent,Autonomous Agents,P0,manual_or_event,goal → plan → delegate/tool-use → observe → evaluate → approve/escalate → deliver,True,True,L,high,required_against_authoritative_manifest
268,autonomous_agents.sales_outreach_preparation_agent,Sales outreach preparation agent,Autonomous Agents,P0,manual_or_event,goal → plan → delegate/tool-use → observe → evaluate → approve/escalate → deliver,True,True,L,high,required_against_authoritative_manifest
269,autonomous_agents.customer_support_resolution_agent,Customer support resolution agent,Autonomous Agents,P0,manual_or_event,goal → plan → delegate/tool-use → observe → evaluate → approve/escalate → deliver,True,True,L,high,required_against_authoritative_manifest
270,autonomous_agents.knowledge_base_curator_agent,Knowledge-base curator agent,Autonomous Agents,P0,manual_or_event,goal → plan → delegate/tool-use → observe → evaluate → approve/escalate → deliver,True,True,L,high,required_against_authoritative_manifest
271,autonomous_agents.document_intake_and_extraction_agent,Document intake and extraction agent,Autonomous Agents,P0,event,goal → plan → delegate/tool-use → observe → evaluate → approve/escalate → deliver,True,True,L,high,required_against_authoritative_manifest
272,autonomous_agents.contract_review_agent,Contract review agent,Autonomous Agents,P0,manual_or_event,goal → plan → delegate/tool-use → observe → evaluate → approve/escalate → deliver,True,True,L,high,required_against_authoritative_manifest
273,autonomous_agents.invoice_processing_agent,Invoice processing agent,Autonomous Agents,P0,manual_or_event,goal → plan → delegate/tool-use → observe → evaluate → approve/escalate → deliver,True,True,L,high,required_against_authoritative_manifest
274,autonomous_agents.procurement_sourcing_agent,Procurement sourcing agent,Autonomous Agents,P0,manual_or_event,goal → plan → delegate/tool-use → observe → evaluate → approve/escalate → deliver,True,True,L,high,required_against_authoritative_manifest
275,autonomous_agents.recruiting_coordinator_agent,Recruiting coordinator agent,Autonomous Agents,P1,manual_or_event,goal → plan → delegate/tool-use → observe → evaluate → approve/escalate → deliver,True,True,L,high,required_against_authoritative_manifest
276,autonomous_agents.employee_onboarding_coordinator_agent,Employee onboarding coordinator agent,Autonomous Agents,P1,manual_or_event,goal → plan → delegate/tool-use → observe → evaluate → approve/escalate → deliver,True,True,L,high,required_against_authoritative_manifest
277,autonomous_agents.content_research_and_drafting_agent,Content research and drafting agent,Autonomous Agents,P1,manual_or_event,goal → plan → delegate/tool-use → observe → evaluate → approve/escalate → deliver,True,True,L,high,required_against_authoritative_manifest
278,autonomous_agents.social_media_campaign_agent,Social media campaign agent,Autonomous Agents,P1,manual_or_event,goal → plan → delegate/tool-use → observe → evaluate → approve/escalate → deliver,True,True,L,high,required_against_authoritative_manifest
279,autonomous_agents.seo_research_agent,SEO research agent,Autonomous Agents,P1,manual_or_event,goal → plan → delegate/tool-use → observe → evaluate → approve/escalate → deliver,True,True,L,high,required_against_authoritative_manifest
280,autonomous_agents.meeting_preparation_agent,Meeting preparation agent,Autonomous Agents,P1,manual_or_event,goal → plan → delegate/tool-use → observe → evaluate → approve/escalate → deliver,True,True,L,high,required_against_authoritative_manifest
281,autonomous_agents.meeting_follow_up_agent,Meeting follow-up agent,Autonomous Agents,P1,manual_or_event,goal → plan → delegate/tool-use → observe → evaluate → approve/escalate → deliver,True,True,L,medium,required_against_authoritative_manifest
282,autonomous_agents.data_analyst_agent,Data analyst agent,Autonomous Agents,P1,manual_or_event,goal → plan → delegate/tool-use → observe → evaluate → approve/escalate → deliver,True,True,L,medium,required_against_authoritative_manifest
283,autonomous_agents.dashboard_narrator_agent,Dashboard narrator agent,Autonomous Agents,P1,manual_or_event,goal → plan → delegate/tool-use → observe → evaluate → approve/escalate → deliver,True,True,L,medium,required_against_authoritative_manifest
284,autonomous_agents.incident_triage_agent,Incident triage agent,Autonomous Agents,P1,manual_or_event,goal → plan → delegate/tool-use → observe → evaluate → approve/escalate → deliver,True,True,L,medium,required_against_authoritative_manifest
285,autonomous_agents.qa_test_design_agent,QA test design agent,Autonomous Agents,P1,manual_or_event,goal → plan → delegate/tool-use → observe → evaluate → approve/escalate → deliver,True,True,L,medium,required_against_authoritative_manifest
286,autonomous_agents.repository_code_review_agent,Repository code review agent,Autonomous Agents,P2,manual_or_event,goal → plan → delegate/tool-use → observe → evaluate → approve/escalate → deliver,True,True,L,medium,required_against_authoritative_manifest
287,autonomous_agents.multi_agent_proposal_factory,Multi-agent proposal factory,Autonomous Agents,P2,manual_or_event,goal → plan → delegate/tool-use → observe → evaluate → approve/escalate → deliver,True,True,L,medium,required_against_authoritative_manifest
288,autonomous_agents.multi_agent_research_team,Multi-agent research team,Autonomous Agents,P2,manual_or_event,goal → plan → delegate/tool-use → observe → evaluate → approve/escalate → deliver,True,True,L,medium,required_against_authoritative_manifest
289,autonomous_agents.supervisor_worker_service_desk,Supervisor-worker service desk,Autonomous Agents,P2,manual_or_event,goal → plan → delegate/tool-use → observe → evaluate → approve/escalate → deliver,True,True,L,medium,required_against_authoritative_manifest
290,autonomous_agents.personal_multi_channel_work_assistant,Personal multi-channel work assistant,Autonomous Agents,P2,manual_or_event,goal → plan → delegate/tool-use → observe → evaluate → approve/escalate → deliver,True,True,L,medium,required_against_authoritative_manifest
291,cross_functional.customer_master_data_change_approval,Customer master-data change approval,Cross-functional,P0,manual_or_event,request → coordinate → approve → execute → verify → close,False,True,L,high,required_against_authoritative_manifest
292,cross_functional.supplier_onboarding_and_verification,Supplier onboarding and verification,Cross-functional,P0,manual_or_event,request → coordinate → approve → execute → verify → close,False,False,M,high,required_against_authoritative_manifest
293,cross_functional.new_product_launch_coordination,New product launch coordination,Cross-functional,P0,manual_or_event,request → coordinate → approve → execute → verify → close,False,False,M,high,required_against_authoritative_manifest
294,cross_functional.branch_opening_readiness,Branch opening readiness,Cross-functional,P0,manual_or_event,request → coordinate → approve → execute → verify → close,False,False,S,high,required_against_authoritative_manifest
295,cross_functional.project_status_collection_and_escalation,Project status collection and escalation,Cross-functional,P0,manual_or_event,request → coordinate → approve → execute → verify → close,False,True,M,high,required_against_authoritative_manifest
296,cross_functional.service_renewal_and_billing_coordination,Service renewal and billing coordination,Cross-functional,P0,schedule,request → coordinate → approve → execute → verify → close,False,False,L,high,required_against_authoritative_manifest
297,cross_functional.quality_nonconformance_handling,Quality nonconformance handling,Cross-functional,P0,manual_or_event,request → coordinate → approve → execute → verify → close,True,False,S,high,required_against_authoritative_manifest
298,cross_functional.corrective_action_tracking,Corrective action tracking,Cross-functional,P0,schedule,request → coordinate → approve → execute → verify → close,False,False,M,high,required_against_authoritative_manifest
299,cross_functional.business_continuity_exercise_coordination,Business continuity exercise coordination,Cross-functional,P1,manual_or_event,request → coordinate → approve → execute → verify → close,False,False,M,high,required_against_authoritative_manifest
300,cross_functional.executive_decision_memo_preparation,Executive decision memo preparation,Cross-functional,P1,manual_or_event,request → coordinate → approve → execute → verify → close,False,True,S,high,required_against_authoritative_manifest
